Quarter,Value
1997 Q1,9495
1997 Q2,9561
1997 Q3,9590
1997 Q4,9634
1998 Q1,9656
1998 Q2,9686
1998 Q3,9751
1998 Q4,9814
1999 Q1,9816
1999 Q2,9798
1999 Q3,9859
1999 Q4,9871
2000 Q1,9899
2000 Q2,10006
2000 Q3,10102
2000 Q4,10135
2001 Q1,10071
2001 Q2,10143
2001 Q3,10204
2001 Q4,10298
2002 Q1,10391
2002 Q2,10539
2002 Q3,10746
2002 Q4,10953
2003 Q1,11133
2003 Q2,11349
2003 Q3,11618
2003 Q4,11858
2004 Q1,12020
2004 Q2,11986
2004 Q3,12004
2004 Q4,12022
2005 Q1,12067
2005 Q2,12069
2005 Q3,12080
2005 Q4,12110
2006 Q1,12161
2006 Q2,12101
2006 Q3,12133
2006 Q4,12148
2007 Q1,12146
2007 Q2,12071
2007 Q3,12067
2007 Q4,12035
2008 Q1,12136
2008 Q2,12138
2008 Q3,12195
2008 Q4,12345
2009 Q1,12452
2009 Q2,12561
2009 Q3,12657
2009 Q4,12740
2010 Q1,12766
2010 Q2,12819
2010 Q3,12746
2010 Q4,12698
2011 Q1,12599
2011 Q2,12551
2011 Q3,12452
2011 Q4,12449
2012 Q1,12364
2012 Q2,12369
2012 Q3,12412
2012 Q4,12380
2013 Q1,12441
2013 Q2,12456
2013 Q3,12482
2013 Q4,12510
2014 Q1,12515
2014 Q2,12529
2014 Q3,12592
2014 Q4,12575
2015 Q1,12543
2015 Q2,12505
2015 Q3,12506
2015 Q4,12558
2016 Q1,12662
2016 Q2,12714
2016 Q3,12806
2016 Q4,12870
2017 Q1,12832
2017 Q2,12795
2017 Q3,12802
2017 Q4,12799
2018 Q1,12870
2018 Q2,13018
2018 Q3,13232
2018 Q4,13362
2019 Q1,13430
2019 Q2,13533
2019 Q3,13567
2019 Q4,13649
2020 Q1,13695
2020 Q2,13831
2020 Q3,13946
2020 Q4,14098
2021 Q1,14188
2021 Q2,14280
2021 Q3,14326
2021 Q4,14106
2022 Q1,14483
2022 Q2,14639
2022 Q3,14843
2022 Q4,15014
2023 Q1,15170
2023 Q2,15404
2023 Q3,15616
2023 Q4,15793
2024 Q1,15949
2024 Q2,16198
2024 Q3,16363
2024 Q4,16567
2025 Q1,16803
2025 Q2,17082
2025 Q3,17137
2025 Q4,17365
2026 Q1,17472
2026 Q2,17669